datetime,hour,day,solar_irradiation,ambient_temperature,solar_energy_generated,energy_consumption,net_energy
2026-09-01 00:00:00,0,1,0.0,16.633702907606473,0.0,0.294576687342177,-0.294576687342177
2026-09-01 01:00:00,1,1,0.0,19.218143697060665,0.0,0.23427636069288474,-0.23427636069288474
2026-09-01 02:00:00,2,1,0.0,14.05228707483807,0.0,0.35241942212656663,-0.35241942212656663
2026-09-01 03:00:00,3,1,0.0,16.22991556839003,0.0,0.3321999737921271,-0.3321999737921271
2026-09-01 04:00:00,4,1,0.0,17.078144148529212,0.0,0.3967128159588834,-0.3967128159588834
2026-09-01 05:00:00,5,1,0.0,17.009701071449687,0.0,0.34071313040930085,-0.34071313040930085
2026-09-01 06:00:00,6,1,0.0,18.752724639442626,0.0,0.4243210893658403,-0.4243210893658403
2026-09-01 07:00:00,7,1,0.0,20.279040353208046,0.0,0.8340958428475311,-0.8340958428475311
2026-09-01 08:00:00,8,1,33.624376406380236,22.298447427267295,0.15130969382871107,0.6837692101065306,-0.5324595162778195
2026-09-01 09:00:00,9,1,186.82970911980556,20.763807482135615,0.840733691039125,0.6094966614186731,0.2312370296204519
2026-09-01 10:00:00,10,1,315.8565252031922,22.376479448121042,1.4213543634143648,0.485128020833548,0.9362263425808168
2026-09-01 11:00:00,11,1,487.3704791728391,21.145175487241954,2.193167156277776,0.4223663021912776,1.7708008540864983
2026-09-01 12:00:00,12,1,556.4300221551836,23.713873779695916,2.503935099698326,0.5549946935095063,1.9489404061888196
2026-09-01 13:00:00,13,1,747.6684179273327,23.884473186208226,3.364507880672997,0.37654153146861463,2.9879663492043824
2026-09-01 14:00:00,14,1,657.8362809686602,23.22156066616457,2.9602632643589706,0.4335271969507062,2.5267360674082644
2026-09-01 15:00:00,15,1,706.203561908096,24.150483026273985,3.177916028586432,0.4202574234405772,2.757658605145855
2026-09-01 16:00:00,16,1,607.3786249576865,24.14171412734293,2.733203812309589,0.5448540140291873,2.1883497982804014
2026-09-01 17:00:00,17,1,493.77986576306546,24.517154155540833,2.2220093959337945,0.4238612533679739,1.7981481425658206
2026-09-01 18:00:00,18,1,433.7254539627223,22.59113188745925,1.9517645428322505,0.9015669568118014,1.050197586020449
2026-09-01 19:00:00,19,1,163.23708175270315,23.892850940885296,0.7345668678871642,0.9165725409725445,-0.1820056730853803
2026-09-01 20:00:00,20,1,0.0,26.613640760707458,0.0,0.9286966140815475,-0.9286966140815475
2026-09-01 21:00:00,21,1,0.0,25.33987784620338,0.0,0.9247622711203058,-0.9247622711203058
2026-09-01 22:00:00,22,1,0.0,23.61211668447992,0.0,0.7269576395109866,-0.7269576395109866
2026-09-01 23:00:00,23,1,0.0,24.177817299867304,0.0,0.3841222844362787,-0.3841222844362787
2026-09-02 00:00:00,0,2,0.0,15.833044068469992,0.0,0.3135149695906509,-0.3135149695906509
2026-09-02 01:00:00,1,2,0.0,17.13631646682424,0.0,0.3795613049453515,-0.3795613049453515
2026-09-02 02:00:00,2,2,0.0,17.83858959490665,0.0,0.3815276915569288,-0.3815276915569288
2026-09-02 03:00:00,3,2,0.0,18.129261355239112,0.0,0.2741312288105659,-0.2741312288105659
2026-09-02 04:00:00,4,2,0.0,18.199740754623924,0.0,0.354921314853471,-0.354921314853471
2026-09-02 05:00:00,5,2,0.0,17.99148684032865,0.0,0.2147145013573977,-0.2147145013573977
2026-09-02 06:00:00,6,2,0.0,20.936819251379127,0.0,0.5203666365305789,-0.5203666365305789
2026-09-02 07:00:00,7,2,0.0,18.24452481042711,0.0,0.6740672872404555,-0.6740672872404555
2026-09-02 08:00:00,8,2,37.786424910736656,19.864506981188818,0.17003891209831495,0.6617633580864456,-0.49172444598813064
2026-09-02 09:00:00,9,2,220.6769726718852,21.400304119646563,0.9930463770234835,0.7309512549695762,0.2620951220539073
2026-09-02 10:00:00,10,2,255.14270607086814,20.410379077660373,1.1481421773189067,0.4138030087192868,0.7343391685996199
2026-09-02 11:00:00,11,2,507.29363354725444,22.773672334749914,2.282821350962645,0.33492628840716365,1.9478950625554812
2026-09-02 12:00:00,12,2,670.7318498196371,21.046088816782067,3.018293324188367,0.5622698880438544,2.4560234361445126
2026-09-02 13:00:00,13,2,642.5311290984162,23.67620846516179,2.8913900809428728,0.36173279517902945,2.529657285763843
2026-09-02 14:00:00,14,2,670.545425372492,21.16974890302303,3.017454414176214,0.3420366680055009,2.675417746170713
2026-09-02 15:00:00,15,2,784.2291076694561,23.24794756596437,3.529030984512552,0.5980475247971038,2.9309834597154483
2026-09-02 16:00:00,16,2,675.91451695452,19.94276849792552,3.04161532629534,0.3168132785575063,2.7248020477378336
2026-09-02 17:00:00,17,2,410.7347978415411,22.25548620189839,1.8483065902869347,0.40453863977029547,1.4437679505166392
2026-09-02 18:00:00,18,2,301.56311256185825,22.845996217970765,1.3570340065283621,0.9639240675187797,0.39310993900958247
2026-09-02 19:00:00,19,2,144.71785011965403,20.665411469871472,0.6512303255384431,0.9746256292489575,-0.3233953037105144
2026-09-02 20:00:00,20,2,119.17486504785678,24.80740012287238,0.5362868927153556,0.8753289982803828,-0.33904210556502723
2026-09-02 21:00:00,21,2,0.0,22.748524536777573,0.0,0.7860993989636814,-0.7860993989636814
2026-09-02 22:00:00,22,2,0.0,24.434524531163095,0.0,0.8328068529308426,-0.8328068529308426
2026-09-02 23:00:00,23,2,0.0,23.517430198068755,0.0,0.5626910823711531,-0.5626910823711531
2026-09-03 00:00:00,0,3,0.0,15.018895701833335,0.0,0.25982399900929076,-0.25982399900929076
2026-09-03 01:00:00,1,3,0.0,14.39824688701963,0.0,0.27918893367335545,-0.27918893367335545
2026-09-03 02:00:00,2,3,0.0,17.468404333625653,0.0,0.23494007985612378,-0.23494007985612378
2026-09-03 03:00:00,3,3,0.0,15.9463636049668,0.0,0.3928017194521189,-0.3928017194521189
2026-09-03 04:00:00,4,3,0.0,21.34115043551088,0.0,0.2222037158602007,-0.2222037158602007
2026-09-03 05:00:00,5,3,0.0,17.177601180363073,0.0,0.33073933283867096,-0.33073933283867096
2026-09-03 06:00:00,6,3,0.0,16.811101904061466,0.0,0.40462874686737876,-0.40462874686737876
2026-09-03 07:00:00,7,3,0.0,19.03782570829221,0.0,0.6990289826450832,-0.6990289826450832
2026-09-03 08:00:00,8,3,0.0,20.773422158875388,0.0,0.7300252154216076,-0.7300252154216076
2026-09-03 09:00:00,9,3,171.83676987809136,18.71073851441775,0.7732654644514111,0.7291820742551577,0.0440833901962534
2026-09-03 10:00:00,10,3,381.63931649345733,20.421734018443008,1.7173769242205579,0.32984520765579084,1.3875317165647671
2026-09-03 11:00:00,11,3,603.9761446617905,18.651185844663853,2.717892650978057,0.5146100111054572,2.2032826398726
2026-09-03 12:00:00,12,3,743.4501359124317,21.73894375777013,3.3455256116059426,0.36935110526284975,2.976174506343093
2026-09-03 13:00:00,13,3,561.8697727934355,22.90696899598878,2.5284139775704597,0.40112495460635705,2.127289022964103
2026-09-03 14:00:00,14,3,779.9556575088025,25.92515460029774,3.509800458789611,0.5203236058637983,2.9894768529258124
2026-09-03 15:00:00,15,3,700.2005732881006,23.97187423598467,3.1509025797964525,0.47552925817539643,2.675373321621056
2026-09-03 16:00:00,16,3,672.0281079001871,21.759493663156377,3.024126485550842,0.4593455386903589,2.564780946860483
2026-09-03 17:00:00,17,3,476.46997361858234,22.55677118926929,2.1441148812836204,0.40847567643724625,1.735639204846374
2026-09-03 18:00:00,18,3,399.0298925607697,20.336482882739592,1.7956345165234637,0.783719402378378,1.0119151141450857
2026-09-03 19:00:00,19,3,259.44147410304583,22.804544467397005,1.1674866334637064,0.9125328167835736,0.25495381668013284
2026-09-03 20:00:00,20,3,5.427742543634063,24.72177254470963,0.024424841446353287,0.9145197985582202,-0.8900949571118669
2026-09-03 21:00:00,21,3,0.0,23.25271061266402,0.0,0.8032771147485872,-0.8032771147485872
2026-09-03 22:00:00,22,3,0.0,21.24669908650926,0.0,0.720474674096189,-0.720474674096189
2026-09-03 23:00:00,23,3,0.0,23.3882507807717,0.0,0.4996682963266543,-0.4996682963266543
2026-09-04 00:00:00,0,4,0.0,15.417216873222895,0.0,0.32742058312861505,-0.32742058312861505
2026-09-04 01:00:00,1,4,0.0,18.05218295246846,0.0,0.3399603136696101,-0.3399603136696101
2026-09-04 02:00:00,2,4,0.0,16.751685350040894,0.0,0.36705189483060896,-0.36705189483060896
2026-09-04 03:00:00,3,4,0.0,17.708248938680267,0.0,0.23251451548483595,-0.23251451548483595
2026-09-04 04:00:00,4,4,0.0,17.693913371996015,0.0,0.25884701660303616,-0.25884701660303616
2026-09-04 05:00:00,5,4,0.0,18.96715083898057,0.0,0.26633096232076475,-0.26633096232076475
2026-09-04 06:00:00,6,4,0.0,18.597153657169912,0.0,0.5859637051156947,-0.5859637051156947
2026-09-04 07:00:00,7,4,0.0,21.677176263871303,0.0,0.8481442591078178,-0.8481442591078178
2026-09-04 08:00:00,8,4,71.18327939924627,20.43222806038011,0.3203247572966082,0.8406898391553451,-0.5203650818587369
2026-09-04 09:00:00,9,4,255.44083816820205,23.4268558336292,1.149483771756909,0.748864633794889,0.4006191379620201
2026-09-04 10:00:00,10,4,370.80066659290776,21.785360638920963,1.668602999668085,0.41773658698062877,1.250866412687456
2026-09-04 11:00:00,11,4,542.3698474521584,22.311987431876183,2.440664313534713,0.47645564457115364,1.9642086689635592
2026-09-04 12:00:00,12,4,561.4489946088056,24.25246560843763,2.526520475739625,0.5763124204768082,1.950208055262817
2026-09-04 13:00:00,13,4,704.4923251318395,22.898137185760422,3.1702154630932777,0.500073964257945,2.6701414988353327
2026-09-04 14:00:00,14,4,788.9110624660991,24.56876165550179,3.5500997810974457,0.34803573651036324,3.2020640445870825
2026-09-04 15:00:00,15,4,656.646969804173,24.965060339595347,2.9549113641187783,0.35502890495836137,2.599882459160417
2026-09-04 16:00:00,16,4,673.4453829510995,25.635776180539914,3.0305042232799475,0.5785345020742929,2.4519697212056544
2026-09-04 17:00:00,17,4,471.1076024498496,25.891660586361734,2.119984211024323,0.5049002159503517,1.6150839950739713
2026-09-04 18:00:00,18,4,283.5278726817416,24.305310658642604,1.2758754270678372,0.7977906551947646,0.47808477187307263
2026-09-04 19:00:00,19,4,162.13863460915155,24.711650556604393,0.7296238557411819,0.7016165512671225,0.028007304474059413
2026-09-04 20:00:00,20,4,33.1819101724437,25.058034001387494,0.14931859577599665,0.7647784949849831,-0.6154598992089864
2026-09-04 21:00:00,21,4,0.0,24.212048914496982,0.0,0.831633615646906,-0.831633615646906
2026-09-04 22:00:00,22,4,0.0,25.211007817144583,0.0,0.8758968716612622,-0.8758968716612622
2026-09-04 23:00:00,23,4,0.0,25.45706221076803,0.0,0.5827373259807711,-0.5827373259807711
2026-09-05 00:00:00,0,5,0.0,18.237528854454148,0.0,0.3785436312227727,-0.3785436312227727
2026-09-05 01:00:00,1,5,0.0,14.382657611976573,0.0,0.3207467771603042,-0.3207467771603042
2026-09-05 02:00:00,2,5,0.0,17.220137989557966,0.0,0.2799200806945376,-0.2799200806945376
2026-09-05 03:00:00,3,5,0.0,16.492522659382985,0.0,0.31457852176566703,-0.31457852176566703
2026-09-05 04:00:00,4,5,0.0,15.674544892811642,0.0,0.36876924472916056,-0.36876924472916056
2026-09-05 05:00:00,5,5,0.0,17.86116095422414,0.0,0.27300285146995773,-0.27300285146995773
2026-09-05 06:00:00,6,5,0.0,20.875622190343943,0.0,0.40155111854639447,-0.40155111854639447
2026-09-05 07:00:00,7,5,0.0,21.2297218842152,0.0,0.6145804398715432,-0.6145804398715432
2026-09-05 08:00:00,8,5,29.423664600389415,22.361431291351405,0.13240649070175237,0.6260791051305048,-0.49367261442875243
2026-09-05 09:00:00,9,5,131.85030487875548,20.945847169245653,0.5933263719543996,0.7630864082849489,-0.16976003633054926
2026-09-05 10:00:00,10,5,439.5477998513874,22.67310352426393,1.9779650993312432,0.5374185150370878,1.4405465842941554
2026-09-05 11:00:00,11,5,553.8686599978774,21.89727388197979,2.492408969990448,0.3279664227411383,2.16444254724931
2026-09-05 12:00:00,12,5,591.1090225888915,22.981263051607804,2.659990601650012,0.45302197530881116,2.206968626341201
2026-09-05 13:00:00,13,5,720.413397518851,22.913111965790865,3.2418602888348294,0.520511695221302,2.721348593613527
2026-09-05 14:00:00,14,5,667.7197474181845,23.088151742694745,3.00473886338183,0.3346843720521546,2.6700544913296755
2026-09-05 15:00:00,15,5,702.4741377850587,25.381585694109933,3.161133620032764,0.3954567380346071,2.765676881998157
2026-09-05 16:00:00,16,5,572.8364632081813,23.819519507494295,2.5777640844368155,0.5587102729954501,2.019053811441365
2026-09-05 17:00:00,17,5,466.4520297728001,25.325588509202653,2.0990341339776,0.39845741537517954,1.7005767186024205
2026-09-05 18:00:00,18,5,400.0846310790587,24.25081189848169,1.800380839855764,0.9267819154067063,0.8735989244490576
2026-09-05 19:00:00,19,5,150.47840074983193,25.72529883893265,0.6771528033742437,0.9441966978267563,-0.26704389445251264
2026-09-05 20:00:00,20,5,0.0,24.40889850077057,0.0,0.9553354044642184,-0.9553354044642184
2026-09-05 21:00:00,21,5,0.0,25.61958996487723,0.0,0.7841621020679674,-0.7841621020679674
2026-09-05 22:00:00,22,5,0.0,18.522722020603688,0.0,0.9769929229854093,-0.9769929229854093
2026-09-05 23:00:00,23,5,0.0,24.405727000245477,0.0,0.4137522307258782,-0.4137522307258782
2026-09-06 00:00:00,0,6,0.0,15.28302458370327,0.0,0.2806917709169154,-0.2806917709169154
2026-09-06 01:00:00,1,6,0.0,15.070352657018587,0.0,0.359356970758126,-0.359356970758126
2026-09-06 02:00:00,2,6,0.0,13.273172477114109,0.0,0.2447100383299393,-0.2447100383299393
2026-09-06 03:00:00,3,6,0.0,12.666921516390055,0.0,0.24267427978581832,-0.24267427978581832
2026-09-06 04:00:00,4,6,0.0,19.17685621562632,0.0,0.3626633790476728,-0.3626633790476728
2026-09-06 05:00:00,5,6,0.0,16.108212966124334,0.0,0.33114788198397926,-0.33114788198397926
2026-09-06 06:00:00,6,6,0.0,20.681533569312972,0.0,0.37971872260898487,-0.37971872260898487
2026-09-06 07:00:00,7,6,0.0,22.67408859533417,0.0,0.8123844284283916,-0.8123844284283916
2026-09-06 08:00:00,8,6,37.49499344801194,20.556495238233865,0.16872747051605372,0.7214244271506065,-0.5526969566345528
2026-09-06 09:00:00,9,6,155.7903646149292,18.88145583723745,0.7010566407671813,0.8343028187853498,-0.13324617801816852
2026-09-06 10:00:00,10,6,419.47410284968885,21.367851619713456,1.8876334628235996,0.3173843723047455,1.5702490905188542
2026-09-06 11:00:00,11,6,452.9686873263545,23.785573821779725,2.0383590929685953,0.43653446948570407,1.6018246234828912
2026-09-06 12:00:00,12,6,670.4888373669696,22.81628610658357,3.017199768151363,0.3169359774407063,2.700263790710657
2026-09-06 13:00:00,13,6,711.7184355183095,21.3718029118076,3.202732959832393,0.46174892612743357,2.7409840337049594
2026-09-06 14:00:00,14,6,662.8756625838413,24.612554764264402,2.9829404816272858,0.5576115802515123,2.4253289013757735
2026-09-06 15:00:00,15,6,635.3835145539227,26.52905366554578,2.8592258154926524,0.5428664277339545,2.316359387758698
2026-09-06 16:00:00,16,6,721.4047229786302,25.69596470224056,3.2463212534038357,0.44347684684305133,2.8028444065607845
2026-09-06 17:00:00,17,6,630.0815678943267,23.247225786115152,2.83536705552447,0.5862544626133566,2.2491125929111133
2026-09-06 18:00:00,18,6,361.459970522116,23.63478856486259,1.626569867349522,0.914999026234464,0.7115708411150579
2026-09-06 19:00:00,19,6,197.05925344826792,22.03561129154952,0.8867666405172057,0.7071666762921415,0.1795999642250642
2026-09-06 20:00:00,20,6,0.0,22.610934444124467,0.0,0.8764190038699362,-0.8764190038699362
2026-09-06 21:00:00,21,6,0.0,24.453645696161004,0.0,0.7926237460346467,-0.7926237460346467
2026-09-06 22:00:00,22,6,0.0,24.362837968535473,0.0,0.9962942940475907,-0.9962942940475907
2026-09-06 23:00:00,23,6,0.0,23.421621607024314,0.0,0.47403766323558194,-0.47403766323558194
2026-09-07 00:00:00,0,7,0.0,14.925865422914569,0.0,0.3627231154335584,-0.3627231154335584
2026-09-07 01:00:00,1,7,0.0,17.80651689143865,0.0,0.21028030241613127,-0.21028030241613127
2026-09-07 02:00:00,2,7,0.0,18.338309928123422,0.0,0.22278003457569293,-0.22278003457569293
2026-09-07 03:00:00,3,7,0.0,17.137289279497598,0.0,0.3163916240905582,-0.3163916240905582
2026-09-07 04:00:00,4,7,0.0,15.765406773442338,0.0,0.3308569204603832,-0.3308569204603832
2026-09-07 05:00:00,5,7,0.0,16.25787830093673,0.0,0.31343071891819085,-0.31343071891819085
2026-09-07 06:00:00,6,7,0.0,20.482435322135668,0.0,0.4239164574919693,-0.4239164574919693
2026-09-07 07:00:00,7,7,0.0,19.055780772111433,0.0,0.6065934980499551,-0.6065934980499551
2026-09-07 08:00:00,8,7,0.0,20.07491520294949,0.0,0.8103626118160342,-0.8103626118160342
2026-09-07 09:00:00,9,7,128.9017453821341,20.70722282174977,0.5800578542196034,0.7580769649267999,-0.17801911070719645
2026-09-07 10:00:00,10,7,281.71228372954056,19.91983116927042,1.2677052767829324,0.5371193008952464,0.730585975887686
2026-09-07 11:00:00,11,7,515.7855895769706,21.26905762869527,2.3210351530963678,0.5414599736958821,1.7795751794004857
2026-09-07 12:00:00,12,7,658.5156438975138,22.209548358906705,2.9633203975388116,0.349943270271549,2.613377127267263
2026-09-07 13:00:00,13,7,779.42834606716,23.064014176958434,3.50742755730222,0.33817720030094073,3.169250357001279
2026-09-07 14:00:00,14,7,592.8998109464435,24.189716441125075,2.6680491492589957,0.4053008243055821,2.2627483249534137
2026-09-07 15:00:00,15,7,727.4830701661552,24.39044780729785,3.273673815747699,0.5912557833653126,2.6824180323823863
2026-09-07 16:00:00,16,7,666.7790945971091,23.433425222817462,3.0005059256869906,0.5920948661774053,2.4084110595095853
2026-09-07 17:00:00,17,7,517.4162746608486,22.91760014495613,2.3283732359738183,0.5877579543326259,1.7406152816411924
2026-09-07 18:00:00,18,7,428.8196728367676,25.158771212615388,1.929688527765454,0.8231598029660374,1.1065287247994167
2026-09-07 19:00:00,19,7,146.37723429964012,24.113510920570373,0.6586975543483805,0.8156564207598958,-0.15695886641151524
2026-09-07 20:00:00,20,7,28.349731353796244,24.295899493819398,0.12757379109208308,0.9046688242385585,-0.7770950331464754
2026-09-07 21:00:00,21,7,0.0,23.66403111213044,0.0,0.9338356874579965,-0.9338356874579965
2026-09-07 22:00:00,22,7,0.0,24.70919071091345,0.0,0.7664141165630207,-0.7664141165630207
2026-09-07 23:00:00,23,7,0.0,24.883469588647007,0.0,0.5076830587388241,-0.5076830587388241
2026-09-08 00:00:00,0,8,0.0,16.11006208825898,0.0,0.21494742783505286,-0.21494742783505286
2026-09-08 01:00:00,1,8,0.0,13.368169379304568,0.0,0.2121652469240734,-0.2121652469240734
2026-09-08 02:00:00,2,8,0.0,16.755419216381565,0.0,0.3638916759566593,-0.3638916759566593
2026-09-08 03:00:00,3,8,0.0,15.818937181566548,0.0,0.20522654193108625,-0.20522654193108625
2026-09-08 04:00:00,4,8,0.0,18.105998019510135,0.0,0.27292201754291523,-0.27292201754291523
2026-09-08 05:00:00,5,8,0.0,16.035641774249026,0.0,0.23445410908255845,-0.23445410908255845
2026-09-08 06:00:00,6,8,0.0,17.469038251329025,0.0,0.4793283326690701,-0.4793283326690701
2026-09-08 07:00:00,7,8,0.0,21.7739849296066,0.0,0.778824139265815,-0.778824139265815
2026-09-08 08:00:00,8,8,0.0,20.019517495461272,0.0,0.7384248506829874,-0.7384248506829874
2026-09-08 09:00:00,9,8,206.82546504742444,18.618045932977438,0.93071459271341,0.7839871417057298,0.14672745100768014
2026-09-08 10:00:00,10,8,291.8788748345646,21.240483215448066,1.3134549367555408,0.33921427106828766,0.9742406656872531
2026-09-08 11:00:00,11,8,562.8911575827942,21.972046153362147,2.533010209122574,0.40379167342193034,2.1292185357006437
2026-09-08 12:00:00,12,8,742.980184313394,21.289683154159643,3.3434108294102733,0.38429122733697224,2.9591196020733013
2026-09-08 13:00:00,13,8,643.7663093242173,22.48987426470041,2.896948391958978,0.4665591296854614,2.4303892622735166
2026-09-08 14:00:00,14,8,796.0327093000741,24.187199550384605,3.5821471918503334,0.5329361127989309,3.0492110790514024
2026-09-08 15:00:00,15,8,673.5163096342201,22.737852550377596,3.0308233933539905,0.3741036955240658,2.656719697829925
2026-09-08 16:00:00,16,8,624.4810728477541,23.99962038297653,2.8101648278148934,0.5487242580059882,2.2614405698089053
2026-09-08 17:00:00,17,8,495.45868875323833,22.925828531903182,2.2295640993895725,0.5139615959529411,1.7156025034366313
2026-09-08 18:00:00,18,8,440.98887533229095,25.080068704656462,1.9844499389953094,0.8977927298809636,1.0866572091143458
2026-09-08 19:00:00,19,8,232.97465639873127,22.735269851100057,1.0483859537942906,0.7726244254241353,0.2757615283701552
2026-09-08 20:00:00,20,8,0.0,24.943558672491985,0.0,0.833831786254002,-0.833831786254002
2026-09-08 21:00:00,21,8,0.0,22.182532723778092,0.0,0.7299852914133661,-0.7299852914133661
2026-09-08 22:00:00,22,8,0.0,25.44247971236031,0.0,0.7392907932301545,-0.7392907932301545
2026-09-08 23:00:00,23,8,0.0,21.515848639924158,0.0,0.39125864032681623,-0.39125864032681623
2026-09-09 00:00:00,0,9,0.0,12.407344889445731,0.0,0.3483928787703854,-0.3483928787703854
2026-09-09 01:00:00,1,9,0.0,15.701497283739482,0.0,0.2967767174321108,-0.2967767174321108
2026-09-09 02:00:00,2,9,0.0,18.56234920461033,0.0,0.3150278230191178,-0.3150278230191178
2026-09-09 03:00:00,3,9,0.0,16.11870036248854,0.0,0.3624093774688082,-0.3624093774688082
2026-09-09 04:00:00,4,9,0.0,14.541140892640954,0.0,0.2338816743066733,-0.2338816743066733
2026-09-09 05:00:00,5,9,0.0,19.3608321855308,0.0,0.3082095001229224,-0.3082095001229224
2026-09-09 06:00:00,6,9,0.0,18.066397987771083,0.0,0.3819897907157036,-0.3819897907157036
2026-09-09 07:00:00,7,9,0.0,16.961553726709127,0.0,0.7216818363820459,-0.7216818363820459
2026-09-09 08:00:00,8,9,29.005997219625186,18.422570212614932,0.13052698748831335,0.7799490054186652,-0.6494220179303518
2026-09-09 09:00:00,9,9,289.52056697176806,21.785072724515892,1.3028425513729562,0.7544600587276116,0.5483824926453447
2026-09-09 10:00:00,10,9,461.93265701042105,22.297729729788045,2.078696956546895,0.5192905740859977,1.5594063824608972
2026-09-09 11:00:00,11,9,534.0191770399209,20.214652974765695,2.403086296679644,0.31235587249783364,2.0907304241818103
2026-09-09 12:00:00,12,9,661.7742782034867,24.57977493022816,2.97798425191569,0.33601087412681996,2.6419733777888696
2026-09-09 13:00:00,13,9,637.5386307003547,25.265063188103085,2.868923838151596,0.320126107765331,2.548797730386265
2026-09-09 14:00:00,14,9,640.9852727988261,23.498639549003016,2.884433727594718,0.3663792443185469,2.518054483276171
2026-09-09 15:00:00,15,9,679.836224209338,24.598502940076287,3.059263008942021,0.3866391549159169,2.6726238540261043
2026-09-09 16:00:00,16,9,620.0050579398096,24.71430255974365,2.790022760729143,0.5030006759096167,2.287022084819526
2026-09-09 17:00:00,17,9,455.99160609243785,23.502696207391896,2.05196222741597,0.38848196272806435,1.6634802646879057
2026-09-09 18:00:00,18,9,346.6414605856238,24.153775064101104,1.5598865726353073,0.7775758604397331,0.7823107121955741
2026-09-09 19:00:00,19,9,228.54832340971564,21.909341253500823,1.0284674553437203,0.7543190143850866,0.27414844095863367
2026-09-09 20:00:00,20,9,0.0,23.459996570345016,0.0,0.8595449665097555,-0.8595449665097555
2026-09-09 21:00:00,21,9,0.0,23.089462720115336,0.0,0.9876503851683407,-0.9876503851683407
2026-09-09 22:00:00,22,9,0.0,25.014947293889353,0.0,0.7981811955368742,-0.7981811955368742
2026-09-09 23:00:00,23,9,0.0,21.084047666702038,0.0,0.3275729591094075,-0.3275729591094075
2026-09-10 00:00:00,0,10,0.0,13.913441333507718,0.0,0.23462762093676715,-0.23462762093676715
2026-09-10 01:00:00,1,10,0.0,16.027414904650414,0.0,0.3027953184522729,-0.3027953184522729
2026-09-10 02:00:00,2,10,0.0,14.389715372383563,0.0,0.20495605964047856,-0.20495605964047856
2026-09-10 03:00:00,3,10,0.0,17.999888456411682,0.0,0.25835829134563876,-0.25835829134563876
2026-09-10 04:00:00,4,10,0.0,20.067898980954375,0.0,0.25489859219263156,-0.25489859219263156
2026-09-10 05:00:00,5,10,0.0,18.448832787428476,0.0,0.24197200262432156,-0.24197200262432156
2026-09-10 06:00:00,6,10,0.0,18.304889608144922,0.0,0.3629643608558367,-0.3629643608558367
2026-09-10 07:00:00,7,10,0.0,19.77833927663401,0.0,0.6594740409222817,-0.6594740409222817
2026-09-10 08:00:00,8,10,0.0,21.998031267527065,0.0,0.8509751866309418,-0.8509751866309418
2026-09-10 09:00:00,9,10,179.86556037697886,19.068017941507975,0.8093950216964049,0.7013935804113143,0.1080014412850906
2026-09-10 10:00:00,10,10,351.1087805831793,21.22335100689894,1.5799895126243069,0.3846612724598115,1.1953282401644953
2026-09-10 11:00:00,11,10,568.3840683370768,21.654197751011957,2.5577283075168453,0.30981516047465,2.2479131470421954
2026-09-10 12:00:00,12,10,792.9048538582579,22.57981154051165,3.5680718423621602,0.5280190584749014,3.040052783887259
2026-09-10 13:00:00,13,10,685.9524279504919,22.589124369326097,3.086785925777214,0.4915520710359067,2.5952338547413074
2026-09-10 14:00:00,14,10,714.2367366423302,24.273570078681175,3.2140653148904863,0.35656350621205435,2.857501808678432
2026-09-10 15:00:00,15,10,686.5295665590621,24.039991715436297,3.0893830495157792,0.47104072130206515,2.618342328213714
2026-09-10 16:00:00,16,10,606.2168430369568,24.70628277732418,2.7279757936663054,0.35017687124899827,2.3777989224173073
2026-09-10 17:00:00,17,10,476.92046759931407,26.999677405062364,2.1461421041969135,0.5403027419064066,1.605839362290507
2026-09-10 18:00:00,18,10,368.0180133501181,23.86750359931532,1.6560810600755314,0.9544997117814041,0.7015813482941272
2026-09-10 19:00:00,19,10,157.25734286384522,24.851634832640265,0.7076580428873035,0.88041141414768,-0.1727533712603765
2026-09-10 20:00:00,20,10,0.0,23.443753390398307,0.0,0.8415801235100739,-0.8415801235100739
2026-09-10 21:00:00,21,10,0.0,24.413522837679682,0.0,0.7260596609232701,-0.7260596609232701
2026-09-10 22:00:00,22,10,0.0,23.174963506999486,0.0,0.7071490853890836,-0.7071490853890836
2026-09-10 23:00:00,23,10,0.0,23.79476392920218,0.0,0.5181066852350504,-0.5181066852350504
2026-09-11 00:00:00,0,11,0.0,16.358741057927613,0.0,0.2698074892949887,-0.2698074892949887
2026-09-11 01:00:00,1,11,0.0,17.31620263715945,0.0,0.3197813089856071,-0.3197813089856071
2026-09-11 02:00:00,2,11,0.0,12.520007259832354,0.0,0.31146829846213286,-0.31146829846213286
2026-09-11 03:00:00,3,11,0.0,20.28514896318109,0.0,0.3082036857531608,-0.3082036857531608
2026-09-11 04:00:00,4,11,0.0,17.197202946805163,0.0,0.36808397850828534,-0.36808397850828534
2026-09-11 05:00:00,5,11,0.0,18.400564834631396,0.0,0.3501639911484745,-0.3501639911484745
2026-09-11 06:00:00,6,11,0.0,18.28060499046512,0.0,0.4127318273836007,-0.4127318273836007
2026-09-11 07:00:00,7,11,0.0,17.47191372192519,0.0,0.6474266528904435,-0.6474266528904435
2026-09-11 08:00:00,8,11,0.0,20.19434686040273,0.0,0.6093518594181393,-0.6093518594181393
2026-09-11 09:00:00,9,11,193.71846254693614,20.571227915560893,0.8717330814612126,0.7814046002864377,0.09032848117477499
2026-09-11 10:00:00,10,11,327.1492767542518,21.255602089161318,1.472171745394133,0.4994532567477894,0.9727184886463436
2026-09-11 11:00:00,11,11,556.612230543876,19.4112175391419,2.5047550374474414,0.4959579463659022,2.008797091081539
2026-09-11 12:00:00,12,11,621.1613448207303,21.028504728981545,2.795226051693286,0.5829964806652332,2.212229571028053
2026-09-11 13:00:00,13,11,686.7471657006835,21.654127212461255,3.0903622456530755,0.5841933889666919,2.506168856686384
2026-09-11 14:00:00,14,11,797.6640811463361,26.16720228696847,3.5894883651585126,0.5370356086308944,3.052452756527618
2026-09-11 15:00:00,15,11,641.6575686613517,22.3941285157234,2.887459058976082,0.312847920914011,2.574611138062071
2026-09-11 16:00:00,16,11,548.6297961544606,26.872763622055754,2.4688340826950723,0.3735096109315233,2.095324471763549
2026-09-11 17:00:00,17,11,557.5382242426077,23.51515244637292,2.5089220090917346,0.308507197412676,2.2004148116790585
2026-09-11 18:00:00,18,11,372.4441496625995,25.780076520240282,1.6759986734816978,0.9192575298396932,0.7567411436420046
2026-09-11 19:00:00,19,11,134.94501356497136,25.11778327406384,0.607252561042371,0.9117100528687967,-0.3044574918264257
2026-09-11 20:00:00,20,11,57.67376458151429,23.667501109108848,0.25953194061681434,0.9813486918792571,-0.7218167512624427
2026-09-11 21:00:00,21,11,0.0,23.30908025592203,0.0,0.7843501160667545,-0.7843501160667545
2026-09-11 22:00:00,22,11,0.0,21.667364479704005,0.0,0.7436560343709193,-0.7436560343709193
2026-09-11 23:00:00,23,11,0.0,21.722563893294456,0.0,0.30332491634121017,-0.30332491634121017
2026-09-12 00:00:00,0,12,0.0,14.878508917560405,0.0,0.221597816744539,-0.221597816744539
2026-09-12 01:00:00,1,12,0.0,15.619998535404772,0.0,0.20182789242016083,-0.20182789242016083
2026-09-12 02:00:00,2,12,0.0,16.618660127412976,0.0,0.23164490293848738,-0.23164490293848738
2026-09-12 03:00:00,3,12,0.0,15.753800873864414,0.0,0.22818929547819602,-0.22818929547819602
2026-09-12 04:00:00,4,12,0.0,18.646300767719815,0.0,0.3199778811727058,-0.3199778811727058
2026-09-12 05:00:00,5,12,0.0,17.65256256979654,0.0,0.258607945775916,-0.258607945775916
2026-09-12 06:00:00,6,12,0.0,18.219741836103342,0.0,0.5407500472157971,-0.5407500472157971
2026-09-12 07:00:00,7,12,0.0,21.09132368330272,0.0,0.7562362465158667,-0.7562362465158667
2026-09-12 08:00:00,8,12,0.0,21.50611170870372,0.0,0.6845985767423615,-0.6845985767423615
2026-09-12 09:00:00,9,12,265.87582698988194,19.921584262895276,1.1964412214544686,0.8805087663911415,0.3159324550633271
2026-09-12 10:00:00,10,12,402.4476672945893,23.60902923390488,1.8110145028256517,0.5099338165827928,1.3010806862428588
2026-09-12 11:00:00,11,12,453.02505374357906,23.645938581134057,2.0386127418461055,0.3284648920577075,1.710147849788398
2026-09-12 12:00:00,12,12,607.3165471395403,23.277221092442325,2.732924462127931,0.3676065599236744,2.3653179022042568
2026-09-12 13:00:00,13,12,740.0377927975024,21.521468108605426,3.3301700675887607,0.5993961347906587,2.730773932798102
2026-09-12 14:00:00,14,12,672.9428279117832,25.229566005251616,3.0282427256030244,0.3689988302617689,2.6592438953412554
2026-09-12 15:00:00,15,12,686.2049707010289,19.804721046829815,3.0879223681546297,0.5516303800719855,2.5362919880826444
2026-09-12 16:00:00,16,12,622.2738557919514,24.418314531880213,2.8002323510637814,0.37109395983701676,2.429138391226765
2026-09-12 17:00:00,17,12,571.7951820755057,25.643792673167944,2.5730783193397757,0.47932253684113985,2.093755782498636
2026-09-12 18:00:00,18,12,343.97774574117284,24.237973356130116,1.5478998558352777,0.7412452678140876,0.80665458802119
2026-09-12 19:00:00,19,12,142.80359143132412,21.992843730243493,0.6426161614409585,0.8012355853939139,-0.15861942395295547
2026-09-12 20:00:00,20,12,3.5113935732320174,23.279265662462688,0.01580127107954408,0.8340621326700108,-0.8182608615904667
2026-09-12 21:00:00,21,12,0.0,23.732155785995285,0.0,0.8586588811408407,-0.8586588811408407
2026-09-12 22:00:00,22,12,0.0,23.413993683562794,0.0,0.8347903113996162,-0.8347903113996162
2026-09-12 23:00:00,23,12,0.0,22.55756957994995,0.0,0.4155182044986926,-0.4155182044986926
2026-09-13 00:00:00,0,13,0.0,14.737507869772983,0.0,0.3481559884163353,-0.3481559884163353
2026-09-13 01:00:00,1,13,0.0,13.976240103859592,0.0,0.20127801990659724,-0.20127801990659724
2026-09-13 02:00:00,2,13,0.0,14.05186360765532,0.0,0.3386083094025377,-0.3386083094025377
2026-09-13 03:00:00,3,13,0.0,18.305198308700344,0.0,0.26977493293028665,-0.26977493293028665
2026-09-13 04:00:00,4,13,0.0,18.336091775265384,0.0,0.34832727146561465,-0.34832727146561465
2026-09-13 05:00:00,5,13,0.0,18.693235820526436,0.0,0.22210644830977264,-0.22210644830977264
2026-09-13 06:00:00,6,13,0.0,19.270633533012678,0.0,0.5306366334058774,-0.5306366334058774
2026-09-13 07:00:00,7,13,0.0,16.7308457251596,0.0,0.8270785024056326,-0.8270785024056326
2026-09-13 08:00:00,8,13,68.87623186237852,20.427061709479155,0.30994304338070333,0.6295295443654731,-0.3195865009847698
2026-09-13 09:00:00,9,13,158.85165325705572,19.615002756345643,0.7148324396567507,0.8916940482318332,-0.17686160857508249
2026-09-13 10:00:00,10,13,411.9683447090172,22.096592419793698,1.8538575511905775,0.5526644688246196,1.3011930823659579
2026-09-13 11:00:00,11,13,483.122418189914,21.310494503506774,2.174050881854613,0.5291497365661375,1.6449011452884756
2026-09-13 12:00:00,12,13,621.1170854933856,21.759262014797894,2.7950268847202353,0.421179076140931,2.3738478085793044
2026-09-13 13:00:00,13,13,691.7505229726761,23.692624792698645,3.1128773533770424,0.36195858335062336,2.750918770026419
2026-09-13 14:00:00,14,13,739.6748368029702,21.41136749404974,3.3285367656133658,0.35812688844160284,2.970409877171763
2026-09-13 15:00:00,15,13,683.3675113319916,22.23465560955662,3.075153800993962,0.5026324069453733,2.572521394048589
2026-09-13 16:00:00,16,13,625.4190665738846,24.441627166459888,2.814385799582481,0.434533860155928,2.379851939426553
2026-09-13 17:00:00,17,13,513.5669807308335,23.163766362046996,2.3110514132887507,0.39802456548062637,1.9130268478081245
2026-09-13 18:00:00,18,13,374.2651869511285,24.392261769463364,1.6841933412800782,0.7011697677709597,0.9830235735091185
2026-09-13 19:00:00,19,13,232.59653664052385,24.888225561333954,1.0466844148823573,0.9249896701342716,0.12169474474808573
2026-09-13 20:00:00,20,13,1.643199088947066,25.737280262208202,0.007394395900261797,0.9760879766590518,-0.96869358075879
2026-09-13 21:00:00,21,13,0.0,25.03518449847354,0.0,0.7390523583300607,-0.7390523583300607
2026-09-13 22:00:00,22,13,0.0,23.809350309696587,0.0,0.8104237844927427,-0.8104237844927427
2026-09-13 23:00:00,23,13,0.0,23.020150075211678,0.0,0.46900349754014836,-0.46900349754014836
2026-09-14 00:00:00,0,14,0.0,16.11229729666832,0.0,0.2501494858807618,-0.2501494858807618
2026-09-14 01:00:00,1,14,0.0,16.51873975631988,0.0,0.22839737160199167,-0.22839737160199167
2026-09-14 02:00:00,2,14,0.0,21.627293707358135,0.0,0.3599304661630277,-0.3599304661630277
2026-09-14 03:00:00,3,14,0.0,19.718507599589095,0.0,0.20968080131429212,-0.20968080131429212
2026-09-14 04:00:00,4,14,0.0,17.441606650350423,0.0,0.3567497558472992,-0.3567497558472992
2026-09-14 05:00:00,5,14,0.0,17.846435338051283,0.0,0.3680814382214733,-0.3680814382214733
2026-09-14 06:00:00,6,14,0.0,18.08819026384703,0.0,0.4348209189589076,-0.4348209189589076
2026-09-14 07:00:00,7,14,0.0,18.117230498007704,0.0,0.7502391608776459,-0.7502391608776459
2026-09-14 08:00:00,8,14,41.5064091651686,19.543463146520793,0.1867788412432587,0.6743144073960721,-0.48753556615281335
2026-09-14 09:00:00,9,14,163.7616804324107,21.556877426038227,0.7369275619458482,0.8118813099446397,-0.07495374799879151
2026-09-14 10:00:00,10,14,306.65950097180934,20.988993534059468,1.3799677543731421,0.5734034262067713,0.8065643281663708
2026-09-14 11:00:00,11,14,555.7532550892424,22.349180132653743,2.500889647901591,0.592691116380739,1.9081985315208518
2026-09-14 12:00:00,12,14,582.3735514306386,21.78855424579778,2.6206809814378738,0.5422125257773704,2.078468455660503
2026-09-14 13:00:00,13,14,748.9826211379647,24.352524269434404,3.3704217951208406,0.3090309227920907,3.06139087232875
2026-09-14 14:00:00,14,14,682.4630783206462,22.33863000951709,3.071083852442908,0.3044741136776099,2.766609738765298
2026-09-14 15:00:00,15,14,735.569471399159,22.01508309845467,3.3100626212962156,0.5776395925618711,2.7324230287343445
2026-09-14 16:00:00,16,14,625.1606324206456,26.311086371362844,2.813222845892905,0.49107962279474704,2.3221432230981582
2026-09-14 17:00:00,17,14,568.3525409516386,23.107184661067983,2.5575864342823738,0.47763631253099814,2.0799501217513754
2026-09-14 18:00:00,18,14,325.62681452790537,23.595526213528203,1.4653206653755741,0.8937904633512287,0.5715302020243455
2026-09-14 19:00:00,19,14,158.17495765807047,23.866732427660743,0.7117873094613172,0.8488698601349738,-0.1370825506736566
2026-09-14 20:00:00,20,14,0.0,24.02148707922102,0.0,0.7336897168161698,-0.7336897168161698
2026-09-14 21:00:00,21,14,0.0,24.911863140752658,0.0,0.9218236563364511,-0.9218236563364511
2026-09-14 22:00:00,22,14,0.0,21.902138374583778,0.0,0.8687113718248187,-0.8687113718248187
2026-09-14 23:00:00,23,14,0.0,22.72075522448713,0.0,0.4100578069420711,-0.4100578069420711
2026-09-15 00:00:00,0,15,0.0,12.833872263196819,0.0,0.27165489569843354,-0.27165489569843354
2026-09-15 01:00:00,1,15,0.0,14.63201005960342,0.0,0.35649035933852613,-0.35649035933852613
2026-09-15 02:00:00,2,15,0.0,15.880583950584754,0.0,0.34806722224657594,-0.34806722224657594
2026-09-15 03:00:00,3,15,0.0,18.235741576615943,0.0,0.25780142996782524,-0.25780142996782524
2026-09-15 04:00:00,4,15,0.0,18.396801374165356,0.0,0.3788664388658504,-0.3788664388658504
2026-09-15 05:00:00,5,15,0.0,18.462998734932558,0.0,0.3254260563484489,-0.3254260563484489
2026-09-15 06:00:00,6,15,0.0,15.90044172922813,0.0,0.556330513737922,-0.556330513737922
2026-09-15 07:00:00,7,15,0.0,17.164001569299263,0.0,0.7203758842810104,-0.7203758842810104
2026-09-15 08:00:00,8,15,21.32496041724343,20.836560644091282,0.09596232187759544,0.788686083011492,-0.6927237611338966
2026-09-15 09:00:00,9,15,228.42546926186242,19.755170907844693,1.0279146116783808,0.8744688663574964,0.1534457453208844
2026-09-15 10:00:00,10,15,378.24247291632395,22.82385608573257,1.7020911281234579,0.5501747167114381,1.1519164114120197
2026-09-15 11:00:00,11,15,540.5350965729689,23.543007456863737,2.43240793457836,0.5181833803942716,1.9142245541840883
2026-09-15 12:00:00,12,15,647.8530272601696,22.362669765875548,2.915338622670763,0.32243030742585893,2.5929083152449044
2026-09-15 13:00:00,13,15,660.7121689983464,25.58768046330164,2.973204760492559,0.4107579387522211,2.562446821740338
2026-09-15 14:00:00,14,15,675.2665944509105,25.35229412739196,3.038699675029097,0.33114475961352446,2.7075549154155722
2026-09-15 15:00:00,15,15,609.4047089737284,23.434520146606474,2.7423211903817775,0.3568821476896269,2.3854390426921506
2026-09-15 16:00:00,16,15,658.7676830539328,23.673111149680018,2.9644545737426977,0.5400841680032926,2.4243704057394053
2026-09-15 17:00:00,17,15,564.6166394816007,25.974372530779963,2.5407748776672032,0.571009265401859,1.9697656122653442
2026-09-15 18:00:00,18,15,378.6033121480433,21.090362310593747,1.7037149046661948,0.9730496023502713,0.7306653023159235
2026-09-15 19:00:00,19,15,159.5696538770938,21.89329751451577,0.718063442446922,0.8201864631188782,-0.10212302067195622
2026-09-15 20:00:00,20,15,0.0,24.610368791950716,0.0,0.8823288755026125,-0.8823288755026125
2026-09-15 21:00:00,21,15,0.0,22.93383337602752,0.0,0.7793165331312644,-0.7793165331312644
2026-09-15 22:00:00,22,15,0.0,22.018663106756208,0.0,0.8796912071443759,-0.8796912071443759
2026-09-15 23:00:00,23,15,0.0,24.39043171334325,0.0,0.3779939846519673,-0.3779939846519673
2026-09-16 00:00:00,0,16,0.0,15.470126736248616,0.0,0.3327322167108373,-0.3327322167108373
2026-09-16 01:00:00,1,16,0.0,14.938077819987345,0.0,0.22499976836493069,-0.22499976836493069
2026-09-16 02:00:00,2,16,0.0,18.631897627505364,0.0,0.22824534798338086,-0.22824534798338086
2026-09-16 03:00:00,3,16,0.0,19.185553999817966,0.0,0.3719351820144835,-0.3719351820144835
2026-09-16 04:00:00,4,16,0.0,14.651361082034954,0.0,0.3688408931297925,-0.3688408931297925
2026-09-16 05:00:00,5,16,0.0,17.945593353364178,0.0,0.35906230932544325,-0.35906230932544325
2026-09-16 06:00:00,6,16,0.0,18.972679688489777,0.0,0.3420616916435155,-0.3420616916435155
2026-09-16 07:00:00,7,16,0.0,20.22279428383822,0.0,0.8984102930118723,-0.8984102930118723
2026-09-16 08:00:00,8,16,0.0,22.820621711723145,0.0,0.7624179918407823,-0.7624179918407823
2026-09-16 09:00:00,9,16,210.29216939385697,17.630789526316633,0.9463147622723563,0.832447516755759,0.11386724551659733
2026-09-16 10:00:00,10,16,458.6177528117279,21.64961902270601,2.063779887652775,0.3475033584283326,1.7162765292244426
2026-09-16 11:00:00,11,16,490.1316566579128,21.13163279931804,2.205592454960607,0.45076887142338495,1.7548235835372221
2026-09-16 12:00:00,12,16,688.3694970347102,19.2806370691249,3.0976627366561957,0.38792066369120554,2.7097420729649904
2026-09-16 13:00:00,13,16,695.1494099563454,20.516711628888302,3.128172344803554,0.5764802701642227,2.5516920746393312
2026-09-16 14:00:00,14,16,614.711712341666,24.031082437605143,2.766202705537497,0.4131577247753223,2.3530449807621747
2026-09-16 15:00:00,15,16,758.2313916156864,24.947243008480424,3.4120412622705887,0.3849694025601206,3.027071859710468
2026-09-16 16:00:00,16,16,555.4590809319122,24.70919114751879,2.499565864193605,0.4586621748712334,2.0409036893223718
2026-09-16 17:00:00,17,16,535.62000647322,24.214186043754523,2.41029002912949,0.34264383638877466,2.0676461927407157
2026-09-16 18:00:00,18,16,336.50505698345876,23.364906396371794,1.5142727564255645,0.8059551199701664,0.708317636455398
2026-09-16 19:00:00,19,16,256.93904253335575,21.880723741104568,1.156225691400101,0.886396214398971,0.26982947700113
2026-09-16 20:00:00,20,16,0.0,25.359335847576606,0.0,0.7240689190900435,-0.7240689190900435
2026-09-16 21:00:00,21,16,0.0,23.92867473917431,0.0,0.9571561405625877,-0.9571561405625877
2026-09-16 22:00:00,22,16,0.0,21.5326694560133,0.0,0.8061222957854267,-0.8061222957854267
2026-09-16 23:00:00,23,16,0.0,23.694208813885506,0.0,0.38763084770753087,-0.38763084770753087
2026-09-17 00:00:00,0,17,0.0,15.078454726479352,0.0,0.2797232631285102,-0.2797232631285102
2026-09-17 01:00:00,1,17,0.0,13.14651061243001,0.0,0.38155121169290185,-0.38155121169290185
2026-09-17 02:00:00,2,17,0.0,15.617382574804951,0.0,0.371881015213297,-0.371881015213297
2026-09-17 03:00:00,3,17,0.0,20.244468328775362,0.0,0.3591317477839705,-0.3591317477839705
2026-09-17 04:00:00,4,17,0.0,18.39759892108661,0.0,0.3479274446171824,-0.3479274446171824
2026-09-17 05:00:00,5,17,0.0,17.607586662763126,0.0,0.26527275413286655,-0.26527275413286655
2026-09-17 06:00:00,6,17,0.0,17.177523294984436,0.0,0.45758817661850193,-0.45758817661850193
2026-09-17 07:00:00,7,17,0.0,18.574013541758823,0.0,0.611683358549193,-0.611683358549193
2026-09-17 08:00:00,8,17,67.20722226767828,18.86962164706498,0.30243250020455226,0.8943665111070309,-0.5919340109024787
2026-09-17 09:00:00,9,17,237.03583800651967,20.435549364314856,1.0666612710293386,0.758916706003911,0.3077445650254276
2026-09-17 10:00:00,10,17,317.09503962278603,21.57894343299513,1.426927678302537,0.5799642767228432,0.8469634015796939
2026-09-17 11:00:00,11,17,512.1988419388127,24.212915341477398,2.304894788724657,0.4138290002891193,1.891065788435538
2026-09-17 12:00:00,12,17,656.6867410755664,22.156573302989724,2.9550903348400483,0.4792196794897329,2.4758706553503154
2026-09-17 13:00:00,13,17,739.4907422891941,23.79322426751365,3.3277083403013736,0.30523172171050733,3.0224766185908662
2026-09-17 14:00:00,14,17,772.3044963610344,21.777616926332666,3.4753702336246546,0.3993164943986902,3.0760537392259644
2026-09-17 15:00:00,15,17,676.5655034145161,26.534674950378342,3.0445447653653224,0.4443010568455907,2.6002437085197316
2026-09-17 16:00:00,16,17,600.4898642091936,25.91412387220946,2.7022043889413707,0.583470784618515,2.1187336043228555
2026-09-17 17:00:00,17,17,514.3476271940534,23.229119009896188,2.3145643223732404,0.3364593004980145,1.9781050218752259
2026-09-17 18:00:00,18,17,360.2740810136912,24.249125468493702,1.6212333645616104,0.755084653793596,0.8661487107680144
2026-09-17 19:00:00,19,17,188.57969254360688,26.184901858318014,0.8486086164462309,0.9372410045753901,-0.08863238812915919
2026-09-17 20:00:00,20,17,48.13626240780067,24.978102188719333,0.21661318083510303,0.763113398959986,-0.5465002181248829
2026-09-17 21:00:00,21,17,0.0,24.217596410893567,0.0,0.7749795194254866,-0.7749795194254866
2026-09-17 22:00:00,22,17,0.0,20.734844423498657,0.0,0.8820581075223571,-0.8820581075223571
2026-09-17 23:00:00,23,17,0.0,22.56786219371879,0.0,0.429583300483673,-0.429583300483673
2026-09-18 00:00:00,0,18,0.0,15.576272925161716,0.0,0.34496595675458863,-0.34496595675458863
2026-09-18 01:00:00,1,18,0.0,12.429673735915557,0.0,0.30461365610791324,-0.30461365610791324
2026-09-18 02:00:00,2,18,0.0,17.055059867091657,0.0,0.27960124282754656,-0.27960124282754656
2026-09-18 03:00:00,3,18,0.0,18.614922205467003,0.0,0.3037113270450905,-0.3037113270450905
2026-09-18 04:00:00,4,18,0.0,16.339375923724095,0.0,0.23450846368813213,-0.23450846368813213
2026-09-18 05:00:00,5,18,0.0,19.13593048507523,0.0,0.22832073689658847,-0.22832073689658847
2026-09-18 06:00:00,6,18,0.0,19.35487316636691,0.0,0.5805959397690932,-0.5805959397690932
2026-09-18 07:00:00,7,18,0.0,20.14566167069097,0.0,0.7362961648545319,-0.7362961648545319
2026-09-18 08:00:00,8,18,0.0,19.890228768163727,0.0,0.7277060962403324,-0.7277060962403324
2026-09-18 09:00:00,9,18,189.33478021737432,20.87069918484355,0.8520065109781845,0.6581805626110614,0.19382594836712308
2026-09-18 10:00:00,10,18,406.1608615341277,22.53529279004771,1.8277238769035746,0.4143291292518002,1.4133947476517745
2026-09-18 11:00:00,11,18,441.77443037100016,22.620548829556522,1.9879849366695008,0.528224539810292,1.4597603968592088
2026-09-18 12:00:00,12,18,677.1167641417909,25.060235033796292,3.047025438638059,0.3948450314817152,2.6521804071563437
2026-09-18 13:00:00,13,18,735.9063731217188,25.841824915917865,3.311578679047735,0.43888437323132734,2.8726943058164074
2026-09-18 14:00:00,14,18,771.2264501174002,23.592107125679615,3.470519025528301,0.5746176217734396,2.895901403754862
2026-09-18 15:00:00,15,18,594.4850642323693,22.341826780582814,2.6751827890456616,0.371240910493239,2.303941878552423
2026-09-18 16:00:00,16,18,683.5819749980578,24.661907117910612,3.07611888749126,0.48681279344022366,2.5893060940510364
2026-09-18 17:00:00,17,18,460.60574156535966,24.669107569968634,2.0727258370441186,0.3924900584563764,1.6802357785877422
2026-09-18 18:00:00,18,18,330.5207573633369,23.30529242627122,1.487343408135016,0.8939448935320617,0.5933985146029543
2026-09-18 19:00:00,19,18,279.560615709814,24.261178573951288,1.258022770694163,0.9669535449328468,0.2910692257613161
2026-09-18 20:00:00,20,18,3.4343413314835978,22.516466536303543,0.01545453599167619,0.7561417614360739,-0.7406872254443977
2026-09-18 21:00:00,21,18,0.0,24.880047138595373,0.0,0.774762161473194,-0.774762161473194
2026-09-18 22:00:00,22,18,0.0,21.65594631936909,0.0,0.9427616184277257,-0.9427616184277257
2026-09-18 23:00:00,23,18,0.0,23.677047812840065,0.0,0.5656282031459849,-0.5656282031459849
2026-09-19 00:00:00,0,19,0.0,18.70861039206743,0.0,0.32318739098606475,-0.32318739098606475
2026-09-19 01:00:00,1,19,0.0,16.001121548384994,0.0,0.3679642408032087,-0.3679642408032087
2026-09-19 02:00:00,2,19,0.0,16.409712027788608,0.0,0.36628899411044596,-0.36628899411044596
2026-09-19 03:00:00,3,19,0.0,17.180228575061193,0.0,0.32988829192566704,-0.32988829192566704
2026-09-19 04:00:00,4,19,0.0,19.04384129291079,0.0,0.39191214930078533,-0.39191214930078533
2026-09-19 05:00:00,5,19,0.0,16.728402809487072,0.0,0.3764767551562292,-0.3764767551562292
2026-09-19 06:00:00,6,19,0.0,18.065305304805733,0.0,0.47077497060861634,-0.47077497060861634
2026-09-19 07:00:00,7,19,0.0,19.491264442481437,0.0,0.6240674665921034,-0.6240674665921034
2026-09-19 08:00:00,8,19,19.87271051315689,19.008798398353946,0.089427197309206,0.7003794348852361,-0.6109522375760301
2026-09-19 09:00:00,9,19,162.499477021688,21.15088902589425,0.731247646597596,0.8366278021445426,-0.10538015554694657
2026-09-19 10:00:00,10,19,339.1331637837853,21.101917877908352,1.5260992370270337,0.5388056534648602,0.9872935835621734
2026-09-19 11:00:00,11,19,464.5510352372174,20.515555303907895,2.090479658567478,0.541942161183001,1.5485374973844772
2026-09-19 12:00:00,12,19,582.1772269445936,23.591682864436567,2.6197975212506712,0.4822932677146792,2.137504253535992
2026-09-19 13:00:00,13,19,681.2325609309603,24.437525765221807,3.065546524189321,0.33626701149910093,2.72927951269022
2026-09-19 14:00:00,14,19,715.4486822001918,21.671841613737737,3.219519069900863,0.4561627505796989,2.763356319321164
2026-09-19 15:00:00,15,19,656.7913403953647,21.470485769157854,2.9555610317791414,0.5566376545728571,2.3989233772062843
2026-09-19 16:00:00,16,19,568.9012338944732,25.705330590873317,2.5600555525251294,0.5092370072403615,2.050818545284768
2026-09-19 17:00:00,17,19,468.8127100261885,22.73510656053974,2.1096571951178484,0.4236865207774558,1.6859706743403926
2026-09-19 18:00:00,18,19,291.03569629534866,23.317455213805427,1.309660633329069,0.9731450934922494,0.3365155398368196
2026-09-19 19:00:00,19,19,204.01265611632823,24.929788117968002,0.918056952523477,0.7694899271143354,0.14856702540914157
2026-09-19 20:00:00,20,19,0.0,22.706292453090377,0.0,0.848732834204728,-0.848732834204728
2026-09-19 21:00:00,21,19,0.0,21.65981391647633,0.0,0.9780754234923505,-0.9780754234923505
2026-09-19 22:00:00,22,19,0.0,22.031237580483534,0.0,0.9512104418983556,-0.9512104418983556
2026-09-19 23:00:00,23,19,0.0,21.54384352839458,0.0,0.3176086572598754,-0.3176086572598754
2026-09-20 00:00:00,0,20,0.0,12.821223703803497,0.0,0.21784461508376332,-0.21784461508376332
2026-09-20 01:00:00,1,20,0.0,17.862371316724616,0.0,0.383561853699384,-0.383561853699384
2026-09-20 02:00:00,2,20,0.0,15.664992703849117,0.0,0.2767172281301523,-0.2767172281301523
2026-09-20 03:00:00,3,20,0.0,14.79571211436469,0.0,0.2854363578278795,-0.2854363578278795
2026-09-20 04:00:00,4,20,0.0,18.75026061980542,0.0,0.2533135002381274,-0.2533135002381274
2026-09-20 05:00:00,5,20,0.0,17.29343489797308,0.0,0.27893228849111956,-0.27893228849111956
2026-09-20 06:00:00,6,20,0.0,18.18317974326801,0.0,0.455759438071335,-0.455759438071335
2026-09-20 07:00:00,7,20,0.0,20.253253176070952,0.0,0.6385401719628555,-0.6385401719628555
2026-09-20 08:00:00,8,20,106.63358268483856,20.5475224152738,0.4798511220817735,0.7207698520344258,-0.2409187299526523
2026-09-20 09:00:00,9,20,226.2968045149173,20.622444072726495,1.0183356203171279,0.8583037319054445,0.16003188841168337
2026-09-20 10:00:00,10,20,420.9774659821271,20.965590719745794,1.8943985969195718,0.49230615425034,1.4020924426692318
2026-09-20 11:00:00,11,20,499.6131276444208,22.411852270931572,2.248259074399894,0.45319333082954977,1.795065743570344
2026-09-20 12:00:00,12,20,692.1634450014702,21.840281327117392,3.114735502506616,0.417646210437159,2.6970892920694567
2026-09-20 13:00:00,13,20,765.3202597275779,26.066033209734833,3.4439411687741,0.4672803984095558,2.9766607703645445
2026-09-20 14:00:00,14,20,728.6645854345561,24.295398641570312,3.278990634455502,0.5397229496001854,2.739267684855317
2026-09-20 15:00:00,15,20,651.1857636018733,25.473611580507704,2.93033593620843,0.4468852810360767,2.483450655172353
2026-09-20 16:00:00,16,20,732.9306554400521,25.342802975429606,3.298187949480234,0.3346970492502194,2.9634909002300147
2026-09-20 17:00:00,17,20,521.8002534482929,24.81869405362421,2.348101140517318,0.4772246049143111,1.8708765356030068
2026-09-20 18:00:00,18,20,406.5620406968114,25.218060409422005,1.8295291831356513,0.7039586001927491,1.1255705829429021
2026-09-20 19:00:00,19,20,159.2811573392094,23.532498012176536,0.7167652080264422,0.9455832931134082,-0.228818085086966
2026-09-20 20:00:00,20,20,0.0,23.239928974471006,0.0,0.7439690040815343,-0.7439690040815343
2026-09-20 21:00:00,21,20,0.0,23.84679674480146,0.0,0.9174721798814277,-0.9174721798814277
2026-09-20 22:00:00,22,20,0.0,22.326825992728402,0.0,0.823662599274035,-0.823662599274035
2026-09-20 23:00:00,23,20,0.0,22.68788106739854,0.0,0.3491075222538884,-0.3491075222538884
2026-09-21 00:00:00,0,21,0.0,15.436321804113494,0.0,0.2049585982349535,-0.2049585982349535
2026-09-21 01:00:00,1,21,0.0,16.732698390102957,0.0,0.24431474586404223,-0.24431474586404223
2026-09-21 02:00:00,2,21,0.0,15.53113300383819,0.0,0.2986258484641686,-0.2986258484641686
2026-09-21 03:00:00,3,21,0.0,16.27588824781163,0.0,0.22961289770755083,-0.22961289770755083
2026-09-21 04:00:00,4,21,0.0,17.8203442422342,0.0,0.29488315073005517,-0.29488315073005517
2026-09-21 05:00:00,5,21,0.0,17.678578025368058,0.0,0.2965845846376694,-0.2965845846376694
2026-09-21 06:00:00,6,21,0.0,20.15009134482165,0.0,0.4501841620228375,-0.4501841620228375
2026-09-21 07:00:00,7,21,0.0,20.074844758800477,0.0,0.8757384707824561,-0.8757384707824561
2026-09-21 08:00:00,8,21,0.0,21.003479849360904,0.0,0.8610519825135213,-0.8610519825135213
2026-09-21 09:00:00,9,21,218.72718697886148,19.412450993220876,0.9842723414048766,0.6556438246039873,0.32862851680088934
2026-09-21 10:00:00,10,21,357.72602563382827,21.43193413823874,1.609767115352227,0.42155899420270826,1.1882081211495188
2026-09-21 11:00:00,11,21,384.4453677203649,21.598959100254326,1.730004154741642,0.3615066323805218,1.3684975223611202
2026-09-21 12:00:00,12,21,512.683943915597,22.30336322832132,2.3070777476201862,0.32337615463219843,1.9837015929879878
2026-09-21 13:00:00,13,21,654.0971055472181,23.520412084621082,2.9434369749624816,0.363301674166404,2.5801353007960777
2026-09-21 14:00:00,14,21,628.934629374436,25.748056462831986,2.830205832184962,0.3642221607311592,2.465983671453803
2026-09-21 15:00:00,15,21,691.4776857837053,24.55986869048395,3.1116495860266733,0.42572135259395627,2.6859282334327172
2026-09-21 16:00:00,16,21,633.7284955614223,25.489127730475413,2.8517782300264,0.494734200186948,2.357044029839452
2026-09-21 17:00:00,17,21,419.87337181741145,24.200466241399255,1.8894301731783516,0.5958486940973132,1.2935814790810385
2026-09-21 18:00:00,18,21,412.53707223031824,22.43542412310484,1.8564168250364321,0.7002455775526307,1.1561712474838015
2026-09-21 19:00:00,19,21,195.47487047329662,23.706594035367747,0.8796369171298347,0.7945319956493224,0.0851049214805123
2026-09-21 20:00:00,20,21,23.24008719957621,25.279296504031525,0.10458039239809294,0.8186940996886605,-0.7141137072905676
2026-09-21 21:00:00,21,21,0.0,25.03346888305619,0.0,0.8805867803156007,-0.8805867803156007
2026-09-21 22:00:00,22,21,0.0,22.7798132971395,0.0,0.7171068100153096,-0.7171068100153096
2026-09-21 23:00:00,23,21,0.0,21.34757877393356,0.0,0.4849552560414627,-0.4849552560414627
2026-09-22 00:00:00,0,22,0.0,14.289121404720465,0.0,0.3755699962209522,-0.3755699962209522
2026-09-22 01:00:00,1,22,0.0,15.413509305897572,0.0,0.23736624504452097,-0.23736624504452097
2026-09-22 02:00:00,2,22,0.0,17.738232380083254,0.0,0.2546357681441056,-0.2546357681441056
2026-09-22 03:00:00,3,22,0.0,17.698936674710296,0.0,0.21164897197893026,-0.21164897197893026
2026-09-22 04:00:00,4,22,0.0,15.633546239174933,0.0,0.3559893006176391,-0.3559893006176391
2026-09-22 05:00:00,5,22,0.0,17.406549248365796,0.0,0.23759621190086977,-0.23759621190086977
2026-09-22 06:00:00,6,22,0.0,17.300642554932466,0.0,0.37073270541781445,-0.37073270541781445
2026-09-22 07:00:00,7,22,0.0,20.720794594770496,0.0,0.8350532451924786,-0.8350532451924786
2026-09-22 08:00:00,8,22,13.302300857939226,19.86842446165294,0.059860353860726516,0.652979283000326,-0.5931189291395995
2026-09-22 09:00:00,9,22,231.44886062412922,20.05673546198232,1.0415198728085815,0.7103898057538357,0.3311300670547458
2026-09-22 10:00:00,10,22,249.43788556643563,20.532289005880585,1.1224704850489602,0.45997590150775086,0.6624945835412093
2026-09-22 11:00:00,11,22,554.353699822142,21.43144159875765,2.4945916491996387,0.5882896634865871,1.9063019857130516
2026-09-22 12:00:00,12,22,609.8314433911894,19.446277364057035,2.744241495260352,0.5379230663092409,2.206318428951111
2026-09-22 13:00:00,13,22,677.990422133198,24.8379909506389,3.0509568995993908,0.4167959767271583,2.6341609228722325
2026-09-22 14:00:00,14,22,722.206754062569,24.942146730706362,3.24993039328156,0.4932366933529513,2.7566936999286087
2026-09-22 15:00:00,15,22,682.7716376300458,23.36266372456372,3.0724723693352063,0.4807197987274892,2.591752570607717
2026-09-22 16:00:00,16,22,582.2069682855519,26.20005315454874,2.619931357284983,0.373173005167153,2.2467583521178303
2026-09-22 17:00:00,17,22,518.7421801205312,24.53037480489985,2.33433981054239,0.4187964997850633,1.9155433107573268
2026-09-22 18:00:00,18,22,316.67823240252926,25.420779203139418,1.4250520458113818,0.7167352851664966,0.7083167606448851
2026-09-22 19:00:00,19,22,192.91523904025055,25.314450724516114,0.8681185756811275,0.8106874905700376,0.05743108511108985
2026-09-22 20:00:00,20,22,36.78096994273333,24.094672352677897,0.16551436474229997,0.9274122271535538,-0.7618978624112538
2026-09-22 21:00:00,21,22,0.0,26.601309610545314,0.0,0.8126208463612871,-0.8126208463612871
2026-09-22 22:00:00,22,22,0.0,22.929786598671427,0.0,0.8086100329994964,-0.8086100329994964
2026-09-22 23:00:00,23,22,0.0,23.850895565438897,0.0,0.389503758499033,-0.389503758499033
2026-09-23 00:00:00,0,23,0.0,13.91299674306797,0.0,0.21157446980508973,-0.21157446980508973
2026-09-23 01:00:00,1,23,0.0,16.10893974440201,0.0,0.34900353996425737,-0.34900353996425737
2026-09-23 02:00:00,2,23,0.0,17.04467748200764,0.0,0.26671066640237817,-0.26671066640237817
2026-09-23 03:00:00,3,23,0.0,16.553271449524644,0.0,0.31702604614067426,-0.31702604614067426
2026-09-23 04:00:00,4,23,0.0,15.629364771895697,0.0,0.3703430059553866,-0.3703430059553866
2026-09-23 05:00:00,5,23,0.0,16.772933200930048,0.0,0.3360854003583834,-0.3360854003583834
2026-09-23 06:00:00,6,23,0.0,19.064617032051558,0.0,0.568004395452717,-0.568004395452717
2026-09-23 07:00:00,7,23,0.0,19.415578054584344,0.0,0.6376859316043438,-0.6376859316043438
2026-09-23 08:00:00,8,23,0.0,20.801436489933195,0.0,0.6456899792529375,-0.6456899792529375
2026-09-23 09:00:00,9,23,210.15474328809415,20.841809093194087,0.9456963447964236,0.8603300598521204,0.0853662849443032
2026-09-23 10:00:00,10,23,360.2671032067907,21.421163620366006,1.621201964430558,0.4174754242184685,1.2037265402120894
2026-09-23 11:00:00,11,23,521.282907841806,23.209359300174178,2.345773085288127,0.32121671610027785,2.024556369187849
2026-09-23 12:00:00,12,23,704.9462767784293,24.830980575333758,3.1722582455029316,0.4926377166288921,2.6796205288740396
2026-09-23 13:00:00,13,23,682.4250747439986,22.778035437290438,3.070912836347994,0.5884519596000566,2.482460876747937
2026-09-23 14:00:00,14,23,674.80075091302,24.972999388021826,3.0366033791085902,0.5972923643306702,2.4393110147779202
2026-09-23 15:00:00,15,23,695.4876692963046,23.227552768454316,3.1296945118333706,0.5154868164041468,2.614207695429224
2026-09-23 16:00:00,16,23,594.3073074621398,23.435755543550492,2.674382883579629,0.5307401342249496,2.1436427493546795
2026-09-23 17:00:00,17,23,510.5458198957901,23.036878429943606,2.2974561895310552,0.48765084228323163,1.8098053472478237
2026-09-23 18:00:00,18,23,327.6085796470954,25.196896596607164,1.4742386084119292,0.7886090974996128,0.6856295109123164
2026-09-23 19:00:00,19,23,173.13820229904357,27.590921339697847,0.779121910345696,0.8904590939567769,-0.11133718361108091
2026-09-23 20:00:00,20,23,0.0,23.46847380828248,0.0,0.8505771638054633,-0.8505771638054633
2026-09-23 21:00:00,21,23,0.0,24.30431474596108,0.0,0.9426642010803498,-0.9426642010803498
2026-09-23 22:00:00,22,23,0.0,24.69829490352083,0.0,0.9709357120034889,-0.9709357120034889
2026-09-23 23:00:00,23,23,0.0,23.920473477498636,0.0,0.34161783078763786,-0.34161783078763786
2026-09-24 00:00:00,0,24,0.0,14.033656592179968,0.0,0.2042084621412561,-0.2042084621412561
2026-09-24 01:00:00,1,24,0.0,16.099994484763847,0.0,0.37351636795112275,-0.37351636795112275
2026-09-24 02:00:00,2,24,0.0,14.854926828826393,0.0,0.38538114356544295,-0.38538114356544295
2026-09-24 03:00:00,3,24,0.0,18.502856256890748,0.0,0.2511836893669759,-0.2511836893669759
2026-09-24 04:00:00,4,24,0.0,19.363728798940105,0.0,0.26441188644946917,-0.26441188644946917
2026-09-24 05:00:00,5,24,0.0,18.560829236830706,0.0,0.3715471305681396,-0.3715471305681396
2026-09-24 06:00:00,6,24,0.0,16.773948091761984,0.0,0.4759421539052511,-0.4759421539052511
2026-09-24 07:00:00,7,24,0.0,16.603221042876555,0.0,0.62006649646493,-0.62006649646493
2026-09-24 08:00:00,8,24,41.02812999976456,22.15352175676221,0.18462658499894052,0.775136732145619,-0.5905101471466785
2026-09-24 09:00:00,9,24,29.41033712589072,20.01389756801656,0.13234651706650824,0.7515671541014775,-0.6192206370349692
2026-09-24 10:00:00,10,24,360.42704595450317,20.970286674467715,1.6219217067952643,0.38479342385066573,1.2371282829445986
2026-09-24 11:00:00,11,24,498.392956351915,22.706283406556647,2.2427683035836177,0.5515533508051897,1.691214952778428
2026-09-24 12:00:00,12,24,488.838937075179,19.45384434445173,2.1997752168383053,0.31447108542924274,1.8853041314090626
2026-09-24 13:00:00,13,24,580.2515010922133,23.12589857111526,2.6111317549149597,0.30619947378484913,2.3049322811301107
2026-09-24 14:00:00,14,24,679.0558577930403,22.579960050495007,3.0557513600686814,0.3554473381174936,2.7003040219511876
2026-09-24 15:00:00,15,24,756.4834369972721,22.87853010107743,3.4041754664877244,0.3513618416079832,3.0528136248797413
2026-09-24 16:00:00,16,24,609.6944270491272,22.235912704116792,2.743624921721072,0.4397965290319759,2.303828392689096
2026-09-24 17:00:00,17,24,541.8908391644115,20.512868774494805,2.438508776239852,0.4419962415789495,1.9965125346609025
2026-09-24 18:00:00,18,24,326.47284846183976,22.53332776152608,1.4691278180782787,0.7923706801850887,0.67675713789319
2026-09-24 19:00:00,19,24,171.17263543157412,24.91605313242097,0.7702768594420836,0.7912598504424191,-0.020982991000335516
2026-09-24 20:00:00,20,24,0.0,23.444686631936246,0.0,0.919040420104739,-0.919040420104739
2026-09-24 21:00:00,21,24,0.0,22.924820066555167,0.0,0.7919557937388374,-0.7919557937388374
2026-09-24 22:00:00,22,24,0.0,25.17251624191854,0.0,0.9888045888574173,-0.9888045888574173
2026-09-24 23:00:00,23,24,0.0,22.667682885978046,0.0,0.4856626865847398,-0.4856626865847398
2026-09-25 00:00:00,0,25,0.0,12.940414910931302,0.0,0.37316365028752235,-0.37316365028752235
2026-09-25 01:00:00,1,25,0.0,16.196604642931852,0.0,0.3207630917948328,-0.3207630917948328
2026-09-25 02:00:00,2,25,0.0,15.76084341409057,0.0,0.25266921667473596,-0.25266921667473596
2026-09-25 03:00:00,3,25,0.0,18.800523554771004,0.0,0.2009071276034146,-0.2009071276034146
2026-09-25 04:00:00,4,25,0.0,14.679906282605733,0.0,0.2415257484816738,-0.2415257484816738
2026-09-25 05:00:00,5,25,0.0,18.815378081067013,0.0,0.3188959910980929,-0.3188959910980929
2026-09-25 06:00:00,6,25,0.0,19.322449512069706,0.0,0.4089072309258129,-0.4089072309258129
2026-09-25 07:00:00,7,25,0.0,18.1261343169219,0.0,0.6035099402294104,-0.6035099402294104
2026-09-25 08:00:00,8,25,112.09516481674532,18.764711700794468,0.5044282416753539,0.6648135726378647,-0.16038533096251073
2026-09-25 09:00:00,9,25,148.22129244222447,19.782201333110052,0.6669958159900101,0.6072541675348758,0.0597416484551343
2026-09-25 10:00:00,10,25,371.761215857819,21.50380966333316,1.6729254713601855,0.3709342156173422,1.3019912557428435
2026-09-25 11:00:00,11,25,493.47844402790435,19.73635158900355,2.2206529981255696,0.4690981293230416,1.751554868802528
2026-09-25 12:00:00,12,25,692.2102245272345,26.053972342752118,3.114946010372555,0.5046788327080374,2.6102671776645177
2026-09-25 13:00:00,13,25,680.3040798627095,22.787228021385744,3.0613683593821928,0.5514933709868763,2.5098749883953166
2026-09-25 14:00:00,14,25,652.6956616298222,21.81434384437847,2.9371304773342,0.40030059666922535,2.5368298806649747
2026-09-25 15:00:00,15,25,681.9324349024621,22.374223119054015,3.0686959570610792,0.42979223016937546,2.6389037268917037
2026-09-25 16:00:00,16,25,603.0859929085718,25.512118040094865,2.7138869680885733,0.35835817040873463,2.3555287976798387
2026-09-25 17:00:00,17,25,518.9975648580504,23.233459285133154,2.3354890418612264,0.49716639815862096,1.8383226437026055
2026-09-25 18:00:00,18,25,222.9568351196375,23.357919439248516,1.0033057580383689,0.8307689974224274,0.17253676061594148
2026-09-25 19:00:00,19,25,134.72813016705055,24.60226892901574,0.6062765857517274,0.7773600096315169,-0.17108342387978948
2026-09-25 20:00:00,20,25,0.0,23.436806830631184,0.0,0.8488358116653829,-0.8488358116653829
2026-09-25 21:00:00,21,25,0.0,23.62852156106872,0.0,0.7718925243223937,-0.7718925243223937
2026-09-25 22:00:00,22,25,0.0,24.134939722383173,0.0,0.8863013868448232,-0.8863013868448232
2026-09-25 23:00:00,23,25,0.0,22.997574774412882,0.0,0.46723799735624094,-0.46723799735624094
2026-09-26 00:00:00,0,26,0.0,17.371723198730535,0.0,0.34550673111076524,-0.34550673111076524
2026-09-26 01:00:00,1,26,0.0,15.702312288810187,0.0,0.33514816062546526,-0.33514816062546526
2026-09-26 02:00:00,2,26,0.0,16.97542609811654,0.0,0.32734664863251406,-0.32734664863251406
2026-09-26 03:00:00,3,26,0.0,18.96496099506532,0.0,0.36543710495131465,-0.36543710495131465
2026-09-26 04:00:00,4,26,0.0,15.019859553104766,0.0,0.3220186818984617,-0.3220186818984617
2026-09-26 05:00:00,5,26,0.0,17.209952760725177,0.0,0.22278813206273257,-0.22278813206273257
2026-09-26 06:00:00,6,26,0.0,20.588737192761236,0.0,0.4394296918937783,-0.4394296918937783
2026-09-26 07:00:00,7,26,0.0,19.052043265010354,0.0,0.7202259289573936,-0.7202259289573936
2026-09-26 08:00:00,8,26,0.0,20.957721732522778,0.0,0.8049338155074355,-0.8049338155074355
2026-09-26 09:00:00,9,26,170.14896497028406,21.845666448495752,0.7656703423662782,0.8312757365936506,-0.06560539422737244
2026-09-26 10:00:00,10,26,407.37589459530125,22.231777240146716,1.8331915256788556,0.3030528862817835,1.5301386393970722
2026-09-26 11:00:00,11,26,489.9007274708466,23.89214986090993,2.2045532736188096,0.3423194682765948,1.8622338053422147
2026-09-26 12:00:00,12,26,567.0074500662397,20.752735969397794,2.5515335252980784,0.5697067690219562,1.9818267562761223
2026-09-26 13:00:00,13,26,752.43186641466,23.952130946104596,3.3859433988659697,0.4958871325284916,2.8900562663374783
2026-09-26 14:00:00,14,26,744.8679679327721,21.669236902826363,3.351905855697474,0.3391167885306838,3.0127890671667905
2026-09-26 15:00:00,15,26,745.2739298190859,23.238760652298783,3.3537326841858865,0.37100519560458456,2.982727488581302
2026-09-26 16:00:00,16,26,603.0554336708109,25.40505610615631,2.713749451518649,0.323217351291192,2.390532100227457
2026-09-26 17:00:00,17,26,526.4786458825315,22.783982723487505,2.3691539064713916,0.553652759139111,1.8155011473322804
2026-09-26 18:00:00,18,26,302.0173615016347,25.051632450584435,1.3590781267573562,0.7140362454865331,0.6450418812708231
2026-09-26 19:00:00,19,26,206.4809558373802,23.438529932484887,0.929164301268211,0.8420844086483054,0.08707989261990567
2026-09-26 20:00:00,20,26,0.0,21.67462315617983,0.0,0.7887145341963998,-0.7887145341963998
2026-09-26 21:00:00,21,26,0.0,23.686477256902883,0.0,0.7139343888321058,-0.7139343888321058
2026-09-26 22:00:00,22,26,0.0,24.150701431116694,0.0,0.966106382535695,-0.966106382535695
2026-09-26 23:00:00,23,26,0.0,21.484174773550016,0.0,0.5791538889179955,-0.5791538889179955
2026-09-27 00:00:00,0,27,0.0,13.989309006036219,0.0,0.2125078074933329,-0.2125078074933329
2026-09-27 01:00:00,1,27,0.0,13.576170582071498,0.0,0.20471562724588457,-0.20471562724588457
2026-09-27 02:00:00,2,27,0.0,15.875727807886225,0.0,0.34064387577151545,-0.34064387577151545
2026-09-27 03:00:00,3,27,0.0,16.807011179587185,0.0,0.39532169156310504,-0.39532169156310504
2026-09-27 04:00:00,4,27,0.0,15.503293315797329,0.0,0.33046779122783465,-0.33046779122783465
2026-09-27 05:00:00,5,27,0.0,16.77265966755754,0.0,0.38378616890384026,-0.38378616890384026
2026-09-27 06:00:00,6,27,0.0,19.45599616342501,0.0,0.369274067712572,-0.369274067712572
2026-09-27 07:00:00,7,27,0.0,18.64630646435094,0.0,0.7484409006051821,-0.7484409006051821
2026-09-27 08:00:00,8,27,81.08953976476451,19.377555547529088,0.3649029289414403,0.8840356936342403,-0.5191327646928
2026-09-27 09:00:00,9,27,133.87776271986235,21.653817984408004,0.6024499322393806,0.6865547429467491,-0.08410481070736853
2026-09-27 10:00:00,10,27,373.8339614611879,21.169840486804258,1.6822528265753456,0.3809874925961624,1.3012653339791833
2026-09-27 11:00:00,11,27,496.43221921258197,20.45267761286771,2.2339449864566188,0.5763277762629608,1.657617210193658
2026-09-27 12:00:00,12,27,596.2340819489532,21.869358143453088,2.683053368770289,0.570435238676884,2.1126181300934053
2026-09-27 13:00:00,13,27,661.8155811074329,23.77727279724504,2.978170114983448,0.5225212974310369,2.455648817552411
2026-09-27 14:00:00,14,27,684.0436373121611,21.335370251772083,3.0781963679047246,0.3868682053003358,2.691328162604389
2026-09-27 15:00:00,15,27,714.3087988323564,23.48483633961842,3.2143895947456036,0.5871838400892799,2.6272057546563237
2026-09-27 16:00:00,16,27,687.0541613928067,23.272757424764574,3.09174372626763,0.43513653296168786,2.656607193305942
2026-09-27 17:00:00,17,27,532.2871410799914,25.593412564541705,2.395292134859962,0.47544578589923914,1.9198463489607227
2026-09-27 18:00:00,18,27,369.0724446833284,25.858427591185606,1.6608260010749776,0.7965217143754851,0.8643042866994924
2026-09-27 19:00:00,19,27,224.06161301342107,25.51654883037214,1.0082772585603947,0.8570463396477777,0.15123091891261708
2026-09-27 20:00:00,20,27,72.28807638952948,24.09261616280734,0.32529634375288263,0.8699142877175919,-0.5446179439647093
2026-09-27 21:00:00,21,27,0.0,24.66483320377358,0.0,0.9735986590568277,-0.9735986590568277
2026-09-27 22:00:00,22,27,0.0,25.377736719540174,0.0,0.7233043651084855,-0.7233043651084855
2026-09-27 23:00:00,23,27,0.0,21.343017949582485,0.0,0.38798123499029497,-0.38798123499029497
2026-09-28 00:00:00,0,28,0.0,15.452061658586137,0.0,0.2925550633547573,-0.2925550633547573
2026-09-28 01:00:00,1,28,0.0,13.108940694989247,0.0,0.2115552380169432,-0.2115552380169432
2026-09-28 02:00:00,2,28,0.0,15.359804168886368,0.0,0.23646553285381333,-0.23646553285381333
2026-09-28 03:00:00,3,28,0.0,17.00640720865308,0.0,0.29362080620753905,-0.29362080620753905
2026-09-28 04:00:00,4,28,0.0,16.324592710288833,0.0,0.2578422534641049,-0.2578422534641049
2026-09-28 05:00:00,5,28,0.0,17.77686176821675,0.0,0.26800586181789066,-0.26800586181789066
2026-09-28 06:00:00,6,28,0.0,18.893810808742195,0.0,0.3386663952162706,-0.3386663952162706
2026-09-28 07:00:00,7,28,0.0,22.3510024518166,0.0,0.7754948498472498,-0.7754948498472498
2026-09-28 08:00:00,8,28,67.54930476008794,20.539695928942052,0.30397187142039567,0.6603704952747347,-0.356398623854339
2026-09-28 09:00:00,9,28,134.46835716782547,22.170344598138026,0.6051076072552146,0.8338585442306888,-0.22875093697547422
2026-09-28 10:00:00,10,28,416.72215701973613,22.3494940164339,1.8752497065888123,0.4859900529601121,1.3892596536287
2026-09-28 11:00:00,11,28,558.3410512443593,21.56272705479769,2.512534730599617,0.38795825535859835,2.1245764752410183
2026-09-28 12:00:00,12,28,592.7871278019517,22.91053505708336,2.6675420751087824,0.5880487460714157,2.0794933290373665
2026-09-28 13:00:00,13,28,706.1092519850704,26.16232703992946,3.1774916339328168,0.4579526328706946,2.719539001062122
2026-09-28 14:00:00,14,28,737.1699783333854,23.615633525016477,3.317264902500234,0.38500982880804446,2.9322550736921893
2026-09-28 15:00:00,15,28,724.9090349427833,25.167278646392337,3.2620906572425246,0.5601536645469354,2.701936992695589
2026-09-28 16:00:00,16,28,502.3970343850605,24.08502018268551,2.260786654732772,0.3426974214513005,1.9180892332814714
2026-09-28 17:00:00,17,28,556.9646932628624,24.88907610548063,2.506341119682881,0.32608988754929125,2.18025123213359
2026-09-28 18:00:00,18,28,361.35791921067084,23.698553170528104,1.6261106364480187,0.8846231175288799,0.7414875189191388
2026-09-28 19:00:00,19,28,129.85788882309578,22.492935137468614,0.584360499703931,0.8266925276174153,-0.2423320279134843
2026-09-28 20:00:00,20,28,8.64820873949137,29.25845752865554,0.03891693932771116,0.9119026115662494,-0.8729856722385383
2026-09-28 21:00:00,21,28,0.0,23.09048693334078,0.0,0.8817390041171728,-0.8817390041171728
2026-09-28 22:00:00,22,28,0.0,25.245593535010542,0.0,0.8533056604106005,-0.8533056604106005
2026-09-28 23:00:00,23,28,0.0,23.958913832731866,0.0,0.4155153959195233,-0.4155153959195233
2026-09-29 00:00:00,0,29,0.0,16.797395165458365,0.0,0.2222024429419937,-0.2222024429419937
2026-09-29 01:00:00,1,29,0.0,17.326231373113522,0.0,0.21727415240664605,-0.21727415240664605
2026-09-29 02:00:00,2,29,0.0,19.181924725463265,0.0,0.3523356840169245,-0.3523356840169245
2026-09-29 03:00:00,3,29,0.0,15.70657682592092,0.0,0.2839655292620001,-0.2839655292620001
2026-09-29 04:00:00,4,29,0.0,17.425678667627793,0.0,0.2694946574678573,-0.2694946574678573
2026-09-29 05:00:00,5,29,0.0,18.98160607911151,0.0,0.36389746905133896,-0.36389746905133896
2026-09-29 06:00:00,6,29,0.0,21.009138086404043,0.0,0.4242864705940908,-0.4242864705940908
2026-09-29 07:00:00,7,29,0.0,19.45867074329309,0.0,0.6653888070626369,-0.6653888070626369
2026-09-29 08:00:00,8,29,0.0,20.733212501741573,0.0,0.8595314150593645,-0.8595314150593645
2026-09-29 09:00:00,9,29,105.26970357844105,18.316470462877174,0.4737136661029847,0.6780340495091172,-0.20432038340613246
2026-09-29 10:00:00,10,29,419.94613194619825,18.34070925299345,1.889757593757892,0.5218690845514303,1.3678885092064617
2026-09-29 11:00:00,11,29,577.768108864333,22.631571695719764,2.5999564898894985,0.3894682058314609,2.2104882840580373
2026-09-29 12:00:00,12,29,622.4447301334662,24.093310894836165,2.801001285600598,0.4820780755542068,2.3189232100463912
2026-09-29 13:00:00,13,29,721.4660092670564,21.309601969905337,3.2465970417017536,0.4983149856677026,2.748282056034051
2026-09-29 14:00:00,14,29,783.0195196755697,22.602644760419214,3.523587838540063,0.3111117757943233,3.21247606274574
2026-09-29 15:00:00,15,29,607.325371011974,22.10044113240791,2.732964169553883,0.43854787328255607,2.2944162962713266
2026-09-29 16:00:00,16,29,666.7818508770077,24.828108832206535,3.000518328946535,0.33306720634605813,2.6674511226004767
2026-09-29 17:00:00,17,29,521.7537917566414,24.363311804987482,2.347892062904886,0.4018189983256862,1.9460730645792
2026-09-29 18:00:00,18,29,315.7925141137166,23.672013352808985,1.4210663135117247,0.7167671922017774,0.7042991213099473
2026-09-29 19:00:00,19,29,189.34640076161412,25.06276289956151,0.8520588034272636,0.7950580563106491,0.057000747116614514
2026-09-29 20:00:00,20,29,0.0,23.711071651248517,0.0,0.8840485068444943,-0.8840485068444943
2026-09-29 21:00:00,21,29,0.0,25.111191836241968,0.0,0.8765060840007659,-0.8765060840007659
2026-09-29 22:00:00,22,29,0.0,24.388781579857493,0.0,0.7100611773799753,-0.7100611773799753
2026-09-29 23:00:00,23,29,0.0,23.691434211655515,0.0,0.49807334769512246,-0.49807334769512246
2026-09-30 00:00:00,0,30,0.0,16.2767653237358,0.0,0.3156821415665228,-0.3156821415665228
2026-09-30 01:00:00,1,30,0.0,17.07109018419602,0.0,0.20808416717788913,-0.20808416717788913
2026-09-30 02:00:00,2,30,0.0,18.42479849526558,0.0,0.26147234967867006,-0.26147234967867006
2026-09-30 03:00:00,3,30,0.0,17.93420392270491,0.0,0.27592252926721605,-0.27592252926721605
2026-09-30 04:00:00,4,30,0.0,19.643315539045204,0.0,0.3120506760534707,-0.3120506760534707
2026-09-30 05:00:00,5,30,0.0,17.58529079167408,0.0,0.33615587507076394,-0.33615587507076394
2026-09-30 06:00:00,6,30,0.0,19.820433707350663,0.0,0.3284804837386824,-0.3284804837386824
2026-09-30 07:00:00,7,30,0.0,18.31968580903235,0.0,0.750042808299963,-0.750042808299963
2026-09-30 08:00:00,8,30,0.0,19.440012866179213,0.0,0.7722196976721584,-0.7722196976721584
2026-09-30 09:00:00,9,30,189.35839800066518,20.372850960270426,0.8521127910029932,0.6168158484434559,0.23529694255953726
2026-09-30 10:00:00,10,30,313.86659935842636,19.33216656810842,1.4123996971129185,0.38672430303843586,1.0256753940744825
2026-09-30 11:00:00,11,30,443.76064482909305,19.22950714101279,1.9969229017309187,0.562999770776347,1.4339231309545717
2026-09-30 12:00:00,12,30,620.8095041284645,22.00840639988033,2.7936427685780902,0.4714603723107005,2.3221823962673898
2026-09-30 13:00:00,13,30,783.6865539080965,22.722115512366887,3.526589492586434,0.38837141270867187,3.138218079877762
2026-09-30 14:00:00,14,30,788.4119305294317,23.153401430158716,3.5478536873824424,0.44127186476214275,3.1065818226202997
2026-09-30 15:00:00,15,30,638.2627545556117,27.029821451260023,2.872182395500252,0.3854515133520527,2.4867308821481995
2026-09-30 16:00:00,16,30,608.5732864113976,23.87431138303288,2.738579788851289,0.5301450869674692,2.2084347018838195
2026-09-30 17:00:00,17,30,426.7483087778602,25.298366376823914,1.9203673895003708,0.4175159134155028,1.502851476084868
2026-09-30 18:00:00,18,30,369.1485739768959,23.730739141262127,1.6611685828960314,0.9321314798299318,0.7290371030660996
2026-09-30 19:00:00,19,30,215.1419387703043,23.081999934119466,0.9681387244663693,0.997614747211571,-0.02947602274520167
2026-09-30 20:00:00,20,30,0.0,24.73152510059217,0.0,0.9661065844119696,-0.9661065844119696
2026-09-30 21:00:00,21,30,0.0,22.83778684038114,0.0,0.7706621406021348,-0.7706621406021348
2026-09-30 22:00:00,22,30,0.0,22.221566305726032,0.0,0.9689651640588821,-0.9689651640588821
2026-09-30 23:00:00,23,30,0.0,22.259988861413728,0.0,0.33960741734062877,-0.33960741734062877
